ID,ServiceName,Level,Text,ReferenceNumber,RequestID,ProcessID,CreationDate
71BE94CF-A408-47EC-9443-CA2385B6BFCF,1050_NifAvoda@btl.gov.il,1,כי זה לא מנפיק את המספר,6928,D02E2BB5-079B-44AD-AC35-9D30A22715F9,NULL,21:56.3
6E36E9B9-45D5-4143-AF24-216C2A889217,1050_NifAvoda@btl.gov.il,4,"במקרה של בעיה אין טלפון לבירורים.  אתם נותנים מספר אסמכתא אבל אין למי לפנות. (ניסיתי לפנות לגבי 3 עובדים שלא קיבלו מספר מזהה. דיברתי עם המייצגים, התמיכה, ביטוח לאומי שירות אישי, ביטוח לאומי שכירים... אף אחד לא ידע מה מצב הבקשה. בסוף הגשתי שוב מחדש).
בבקשה רשמו מספר טלפון אליו אפשר לפנות, כאשר יש בידי המבקש אישור ומספר בקשה.",6938,463B8D9A-C85B-474C-895D-D73CE067EF27,NULL,53:29.3
30BA241C-0055-4CF5-BDCF-D6A816BCF9C7,7112@btl.gov.il,5,"הכל מעולה ! 
תודה רבה !",12270,82142EF8-E49E-452B-8C22-D6E65CCEB25E,NULL,11:17.7
FAF7498D-C564-4B73-9F11-0BAF061736AB,7112@btl.gov.il,5,מאוד נוח להגיש טפסים שימושיים בלי להעזר בעורכימדין או יועצים זה באמת חוסך לאזרח או להורים .. תודה מכל הלב ,12192,ACFD2E6B-4177-46A9-BCFD-5AE6A31EC95E,NULL,01:39.5
8135ED10-AC8D-4FF0-9811-21F20D657224,7112@btl.gov.il,3,שיהיה יותר פשוט לחתום חתימה,12345,4DC09362-7332-46F3-8C7E-211FA768A255,NULL,51:05.4
53A3DF08-2EFE-4279-A0D2-1DD20AC694D4,AbnormalConductInDaycare@education.gov.il,4,מקום לצירוף מסמכים. ,45457,4F70FDC5-A541-4EB2-B695-374D4AF543D9,NULL,07:45.5
F993D87B-15C3-406F-8635-8EEDD23BC4D6,absence-of-criminal-convictions@moch.gov.il,5,שירותים מהנייד,13621,0D6E528B-71EF-4566-B3B3-A46EDC048D8E,NULL,20:00.5
146B69FC-777C-4B53-916D-87811D86E772,AccommodationFacilityIssueForm@tourism.gov.il,3,למה אין אפשרות להתקשר - עבור תקלה ????,8370,083FC99C-11BF-45B0-B1F6-FB1D7F8513E6,NULL,21:22.4
FCCDC0DE-6CC9-4231-BEE3-AE51E96454AE,ActivityCommunityWorkUnits550Program@molsa.gov.il,5,nממוקד,4182,D927A0DD-85C1-481F-A0D8-8E58F747319C,NULL,53:56.4
339EB3BC-2835-4EA9-B572-C21D739E23C6,ActivityCommunityWorkUnits550Program@molsa.gov.il,5,ממוקדת ,4170,F98A4ED5-92C6-4D68-A250-703074E1A507,NULL,45:45.3
5353B0A3-D2F3-4BA4-81FD-1B80539A10B4,add-med-exam-list@police.gov.il,5,תודה רבה ,18578,71C124D7-6085-4661-B276-DB78F13F58EA,NULL,51:02.2
DE193B7C-7548-40F8-B000-81743C105563,add-med-exam-list@police.gov.il,3,מפספס קבצים ,19255,ACB53251-7BDB-4100-AD7D-F1302DE22D23,NULL,22:49.5
7A77601C-F6D5-4F27-9203-EC73385559BD,add-med-exam-list@police.gov.il,3,הקבצים לא עולים,19289,2C19CF4C-80DF-42A9-B0C5-F9BF275D0E8B,NULL,11:14.1
98F6C41C-8A5D-41F1-BDFE-88F2ECA7B3D0,AgraPikuahAviri@mot.gov.il,5,אהבתי הכל,6592551,B57FFC12-B6DC-443D-B937-0D472CA56D3C,NULL,40:25.9
97F477D5-21A0-4C25-8B7B-7C70B67FDBF7,AgraPikuahAviri@mot.gov.il,5,קל ונוח,6592752,B6F827B1-0495-4F94-BE90-3F0E044E5052,NULL,34:10.2
2BDD0D56-6584-4679-B860-33469FEDB57F,AgraPikuahAviri@mot.gov.il,5,"מלאתי בקשה לחידוש רישיון רדיו ל-5 דאונים של מרכז דאיה נגב. הכל בינתיים עבר בסדר, אבל יש לי שתי הערות קטנות: 
1 כמו בעבר, ביקשתי לקבל את הטופס בדוא""ל. למה צריך לרשום את פרטי הכתובת שלי (עיר, רחוב, מספר בית, מספר דירה, מיקוד) ?
2 את כל הפרטים רשמתי 5 פעמים. היה נחמד מאד אם אפשר היה לרשום פעם אחת ולציין את 5 הדאונים שעבורם מבוקשים הטפסים. ",6592758,C10664EC-02F5-4A9D-82A2-FCABA4FFFA4B,NULL,25:07.4
506F3F57-69EA-413A-8481-9014D1497EE9,AgraPikuahAviri@mot.gov.il,4,ממליץ לפרסם טבלת השוואה של התקנות הישנות אל מול המצב החדש בכל הנוגע להרשאות לבעלי רישיונות קיימים להטסת רחפנים.,6592721,E41E0A09-6D99-4395-A8F3-B16A1014DF48,NULL,07:42.4
43965F5A-D9D5-4BCC-848C-2A163EA505B8,AgraPikuahAviri@mot.gov.il,3,"לשלוח ישירות למייל את בקשת התשלום לאגרה עם 2 האסמכתאות.כמו שהיה קודם 
פשוט ונגיש 
למה לסבך את העניינים ",6592731,E8CB61E6-FBA4-4295-B9C4-9C518475D68F,NULL,50:22.0
DC0E76E4-3266-4FF1-A09A-44235CB7716A,AgraPikuahAviri@mot.gov.il,5,מהיר,6592864,D8225716-EE37-41CB-82D8-717721AEE3A2,NULL,40:26.8
912376EC-BFDB-4119-9502-A686F90DA93E,Agreement@rbc.gov.il,4,לדחוס את הקבצים אוטומטית בעליה ,11479,67D37E63-759D-4A77-9E78-BD9E8B13B1A4,NULL,41:08.9
0104D45B-1712-42CB-B607-660E93381730,Agreement@rbc.gov.il,3,"לקח לי כמה פעמים עד שזה הצליח, ",11400,B209CC43-B9D3-4324-9B0D-77D52DD6120B,NULL,23:42.5
27220060-085D-468E-B326-00426E00FCCD,Agreement@rbc.gov.il,5,קל ופשוט,10914,F43B7750-B2E8-4C43-BE77-611AA9412F44,NULL,30:45.2
6882827F-213E-47C2-93EC-B7026ABE4077,Agreement@rbc.gov.il,5,טוב מאוד תודה רבה,11204,10D8B5B7-52EA-4702-AE85-37C64B376555,NULL,42:43.6
93BDEC0A-6189-420F-8F0E-1D5505107D2D,Agreement@rbc.gov.il,5,(:,11230,B5F89B02-BDBF-442B-8ABB-31BB8FA4AED8,NULL,45:38.4
5BDF171B-0FEA-47C7-9398-D8E470B9D23B,Agreement@rbc.gov.il,5,כיף קל ונגיש,11164,2E5043AB-2FA5-4EF8-B2B5-1E1EA9B5AD85,NULL,27:02.2
394B4E61-BA21-4A14-B74D-5CDE2CF38BF5,Agreement@rbc.gov.il,5,שירות נגיש נוח ופשט קל ומהיר,11381,FB5D46CB-4382-47A6-A352-5EAEF9594C93,NULL,40:31.0
A9618D3A-B60E-412D-92BA-F1CEF63330BD,Agreement@rbc.gov.il,3,לוקח זמן להתמצא במערכת ובענייני האגרות. מי שלא מבין בזה יכול להסתבך,10976,D86F8EB4-7F99-47E2-8557-722EE3C0A35F,NULL,24:36.6
AEBF1465-2DAD-4F23-8661-8063257C6F71,animalPermission@moag.gov.il,4,רשימת גולל,4007,19553F73-598A-4626-ACAD-CF32ACD2C04F,NULL,15:04.3
8BF44B77-EE6F-4D8F-A6FE-D9D2878B5DC5,animalstest@moag.gov.il,5,"תענוג למלא עכשיו את הבקשה! תודה על כל השינויים היעילים!! האפשרות לשמור טופס ולחזור אליו אח""כ כל כך עוזרת! תודה רבה",161771,D5471D66-C7AA-4479-B83F-47648ACA75D8,97A4A28E-F7DC-4876-A13A-59F88A201E32,21:10.6
B6706C7B-D9AC-4A1A-A21F-9B8B2CA97122,anonimusPOA@taxes.gov.il,4,שיפור מבורך,15319,08C06A65-835D-4286-9383-95D998A02B5D,NULL,42:55.3
A97EA4A4-3305-4B56-A99C-8ED035F9A3BF,anonimusPOA@taxes.gov.il,5,GREAT SYSTEM,16566,0606F298-901C-47F6-AD46-9F0FBAA3CADC,NULL,23:44.9
F1CFF2A4-9510-4BA6-BB90-9BF5573AE4E6,APP4A2VISA@piba.gov.il,5,"מסודר, ללא תקלות, זמין.",88961,A5F7CB54-4FD4-435B-841E-69AD11E9EA51,NULL,56:33.3
758DC2A2-3143-4D1A-85C9-85AF43F10F2D,APP4A2VISA@piba.gov.il,5,תודה,84907,419C8C70-608A-476B-A587-F8C2BC049734,NULL,56:08.0
02213FBF-8DFD-4507-ADF7-864F669AB1FC,APP4A2VISA@piba.gov.il,5,please allow non Israeli phone number,86106,5D897641-2A3C-4F89-AC67-255E71E796B1,NULL,02:18.2
2A229A22-63D7-4E59-B77A-3A03F5DEE06F,APP4A2VISA@piba.gov.il,4,"שלום
תודה על כל עבודתכם
יש פה בקשה לחידוש ויזה
תודה",88368,E1BE7864-6159-44BB-8A84-D3F22843768D,NULL,32:31.6
B60C1A89-6803-44F5-B379-6D1CF39B04B2,APP4A2VISA@piba.gov.il,3,לתת אפשרות להעלות עוד מסמכים,88809,15D6BF3E-7BAB-4801-B172-649D708C2297,NULL,57:14.7
9E4F52F3-70AF-42F0-8BA7-0C8773E540A6,APP4A2VISA@piba.gov.il,5,אישור קבלת מסמכים למייל ,87510,0E83E3FA-00A0-4140-B753-4FD2DD3FE533,NULL,27:45.8
0E424685-5DCA-4AB8-8BA4-7E59A996F650,APP4A2VISA@piba.gov.il,1,"לטפל יותר מהר בבקשות.
שלחתי את הבקשה הזאת כבר לפני חודשיים בתאריך 12/9 ועדיין לא קיבלתי אישור!!!",84017,A3486942-5692-4D78-A255-7B83A292322C,NULL,23:04.0
05E03ED9-3355-44CA-AD59-4078CD4AC368,APP4A2VISA@piba.gov.il,3,Upload/download time is slow.,87137,28537E33-3A4A-4417-A081-565FDCCA8091,NULL,18:52.9
5D86BE93-562E-43B3-B3A3-58EDB2E9F567,APP4A2VISA@piba.gov.il,2,אתר איטי - נטען לאט,86144,1E3ECE8F-E2D8-474A-B6C8-26E4DC12849C,NULL,36:39.7
0EB9B33D-A642-4F3B-88D7-11AA53FB1241,APP4A2VISA@piba.gov.il,5,תודה,84909,E17E91F5-89CB-402C-8B68-2556ADF76563,NULL,31:15.6
084D1E17-ECCF-44DC-9414-40A372266E4D,APP4A2VISA@piba.gov.il,5,קל,87317,193B6997-D6A0-42AB-A638-816443B23E6B,NULL,59:52.9
82DBFCBC-F2A8-4A41-9486-20C3DDBBB014,APP4A2VISA@piba.gov.il,3,"you never know if the got the form, and when is going tobe an answer",85243,14691CD9-B01F-4B23-B6AC-45A8A8A64B79,NULL,37:09.4
CE8B0A48-9F6D-447B-8C77-25957DD7409D,APP4A2VISA@piba.gov.il,5,הכל טוב....,87768,1DA200A0-53C7-4875-A443-4CF72D400B16,NULL,58:28.8
C958FB24-55E4-472F-8AD1-3FA0787BA40E,APP4A2VISA@piba.gov.il,4,הכל טוב אבל חסר מייל חוזר אוטומטי שמוודא שהבקשה תטופל וכן צריך תשובה :),84148,CAA40A23-BD86-4230-8251-E87854BEEC03,NULL,35:10.0
489DD33D-82F7-4645-9F44-67C1353385FB,APP4A2VISA@piba.gov.il,5,"FASTER RESPONSE TO APPLICATIONS IF POSIBLE
",84301,5DF066BE-4608-4382-A9F8-148F066694A8,NULL,48:50.1
A84804B9-B217-43E0-B861-300B97E9A54D,APP4A2VISA@piba.gov.il,5,הכל טוב!!!!!!!!!!!,86240,6E636C3E-5FB6-412B-AAFD-CCAAEF3F7BDC,NULL,13:49.6
7E9B5DFE-AB09-4BEF-B1C4-00D1FC1EDA4B,APP4A2VISA@piba.gov.il,3,לוקח הרבה מאוד זמן עד שמגיע תשובה,84285,7E7A25CA-2999-408C-8B13-01E4BA6C99C3,NULL,27:20.3
30117802-0498-45AA-8AA6-F1B331953021,APP4A2VISA@piba.gov.il,5," התהליך פשוט ונוח.
יהיה נחמד לקבל אימייל או sms שמאשר את קבלת הטופס",84552,C957846E-8D79-46AD-A039-163B2B4398EA,NULL,01:01.9
9B5C0AE0-5BDD-4869-8BB9-FD35576901D5,APP4A2VISA@piba.gov.il,2,Slow uploading time.,87881,D787584D-F052-439E-8EC7-AE4C03DCF11E,NULL,42:43.6
B329E9EB-B586-4606-B221-1F3728823847,App4aBirthCertificate@piba.gov.il,1,עשיתי טעות,551338,000E550A-1D7C-4228-B516-249097326B49,NULL,41:12.2
03AF1B04-1F9F-48D0-B9B9-F194E2DBEEE4,App4aBirthCertificate@piba.gov.il,5,בכלום,536161,4B58CB49-4E88-4058-823D-98D1B3CF6BEB,NULL,34:28.0
4C977FE1-2910-4C8F-A5A3-0B1D6A85F613,App4aBirthCertificate@piba.gov.il,1,למרות שהיה רשום באיזור אישי כי ניתן להנפיק תעודת לידה לאחר שלחצתי אמר כי לא ניתן ויש להגיש בקשה לתעודת לידה,548676,9990ABD8-7CA6-4450-A2FC-201B08BCD5B7,NULL,58:11.7
5B5BB5EC-B221-482F-B33F-FB7B3476014C,App4aBirthCertificate@piba.gov.il,2,היה רשום באתר כי תעודת לידה ניתנת להפקה ולאחר שהוקלדו כל הפרטים רשם כי לא ניתן להנפיק ורק לשלוח בקשה לתעודת לידה,548672,E7F6631C-306E-4416-8FCC-0F413379FB47,NULL,50:46.1
44817B89-D0D7-4FD7-920E-219857F8926B,App4aBirthCertificate@piba.gov.il,4,ביכולת לשלוח הרצף כמה טפסים...יש לי 4 ילדים...,540177,27D3D792-B19D-4D9F-A5A0-4D831821E697,NULL,39:17.5
1096510C-87CD-4407-81FD-F8E801F60D71,App4aBirthCertificate@piba.gov.il,5,נוח למילוי ופורמט ידידותי ומודרני,534257,8C66D0F1-2A0B-4E38-9EF2-EF05B774C3D1,NULL,28:06.8
DA4549E9-01BC-457F-9F25-0C33EE17F8B2,App4aBirthCertificate@piba.gov.il,5,"כדאי להבהיר במדוייק היכן יש למלא שם פרטי, היכן שם משפחה והיכן את שניהם.  (שלחתי בקשה דומה לפני כמה דקות, זו הבקשה הנכונה יותר, אנא השתמשו בה). ",536479,3866A2D3-16FE-45D3-9EA4-8C8DABC6AA9E,NULL,56:43.3
A746BF29-9093-4B3B-B3D2-3033A96D1F76,App4aBirthCertificate@piba.gov.il,5,קלות השימוש. בפעם הזו האתר היה ידידותי למשתמש.,536516,1E18EBD6-3818-489C-83CD-15FD39A9C578,NULL,56:50.6
337E1E10-9BEB-487C-B621-33C8BBBCCA4E,App4aBirthCertificate@piba.gov.il,2,אין צורך בכזה תהליך ארוך,539532,B8E60151-036A-4862-8A16-47B4ECFDB9AC,NULL,43:24.8
16A9CF0E-C509-496F-8671-3DACD287F2DD,App4aBirthCertificate@piba.gov.il,5,"זמין, מובן, נוח!",542224,B7962C19-36EB-415D-AD33-6A495B319774,NULL,47:00.5
D010DFFE-EECF-4364-9F1E-2953D365A88B,App4aBirthCertificate@piba.gov.il,5,קל ונוח,540636,1A35A9EF-5F4B-419B-8015-CA1AA622B863,NULL,03:55.5
506FFFCA-722F-4047-9DCE-3221A16380F5,App4aBirthCertificate@piba.gov.il,1,"אתם לא מתייחסים לטופס, לשם מה הוא קיים? יש לכם הרבה מה לשפר! השירות שלכם הוא בדיחה עצובה",535125,70B4F186-4BBB-4FC6-82CD-73C7B917FE4C,NULL,49:22.9
64D0D46F-8B36-4FCA-9D38-2CE441893D00,App4aBirthCertificate@piba.gov.il,5,"השירות פה מצויין רק שהתעודת לידה כבר נשלחה לי פעם שניה (כבר פעם שלישית שאני מבקש...)
ותמיד הנתונים באנגלית זה הנתונים והשמות של אחיו",550874,680B28AF-03B8-4B83-A48C-EB595EC44145,NULL,07:23.1
9CF460B5-9557-4C2F-B0AC-4A2D8DDCC6A0,App4aBirthCertificate@piba.gov.il,5,"ברגע שהגעתי לעמוד של הבקשה עצמה הכל עבד מעולה, אבל לקח לי כמה נסיונות להכניס סיסמא וקוד אימות, בהתחלה זה לא טען את העמוד של הבקשה אחרי סיסמא ואימות... ",539600,8CE303E0-5029-423F-912B-76C29975BA06,NULL,57:05.2
26DCDD3A-D8C7-4F5E-A9BE-29836288A23E,App4aBirthCertificate@piba.gov.il,4,כאשר אין את שם האב במערכת סימן שאינו ידוע. לכן הדרישה לכתוב את שם אביו של האב אינה אפשרית מפני שאינו ידוע.,538225,144FC92B-3C67-40D4-B8E9-FD107FF18467,NULL,57:13.1
6F5D5F12-E9B1-47F3-9E3F-34A5DF5AA3AF,App4aBirthCertificate@piba.gov.il,5,פשוט וישר לעניין,543464,F5DA8E34-923E-4DC9-8826-E28FFBAE9F16,NULL,36:16.4
49CCC853-8B11-448C-8DEE-37E51E056496,App4aBirthCertificate@piba.gov.il,5,מאוד נוח וברור,534438,1A764A6F-99CA-4047-8888-0A0EA82C3370,NULL,20:33.3
94B9779A-0678-420E-A0AD-4E30E7768385,App4aBirthCertificate@piba.gov.il,5,קל ,542221,DC43FAF7-4522-4697-8CB0-D8ECBC46B99E,NULL,44:12.0
BC9D852B-8F28-4EA1-9652-22C747839D35,App4aBirthCertificate@piba.gov.il,5,100,537525,9E85DB7D-8C7C-4ABF-8C54-D4D6A9C4C098,NULL,34:13.0
DD426F5A-24BE-45B9-82AE-34BA0F5E48C7,App4aBirthCertificate@piba.gov.il,5,הכל טוב,546428,F838830A-23CE-45BE-8194-0D7102938F95,NULL,22:11.5
75B4FE3B-C815-4D3E-93E5-010BBEEF18A5,App4aBirthCertificate@piba.gov.il,5,מצויין,550206,B35A9088-ECAA-489E-A3DA-31981512A005,NULL,56:22.5
2B6ACCE1-D2E5-4749-B41E-50291664F1E0,App4aBirthCertificate@piba.gov.il,1,התעודה שהזמנתי לא הגיעה בדואר ולכן מצריך להגיש ולהמתין שוב,547032,C46E6508-0941-4F89-9D3C-39A97732081B,NULL,30:39.3
5AF638E2-2AF0-4269-BBD8-2668F4CDE0A8,App4aBirthCertificate@piba.gov.il,5,תודה,548839,22C18039-8436-4259-B38A-DC7C4B671359,NULL,59:42.0
92ED1527-4A65-4C17-AE30-37A06162A8EA,App4aBirthCertificate@piba.gov.il,5,רישום מספר העתקים מבוקשים,536985,0BA57770-3C35-4A24-AC3D-8F5D3083F8D7,NULL,56:02.0
36BCBD9D-9146-4D0A-8E32-075716BE1788,App4aBirthCertificate@piba.gov.il,5,"לא הבנתי למה יש צורך במילוי כל הפרטים של היילוד כאשר מבקשים להנפיק תעודת לידה בעברית+אנגלית.
מספר תעודת זהות אמור להספיק לכם בשביל למלא את שאר הפרטים באופן אוטומטי.
אם יש הסבר אחר, אולי כדאי שתרשמו אותו בדף האינטרנט הזה - כדי שנוכל להבין את הדרישה הזו.",540056,E4A17D5A-117D-42AE-BC07-C33231CC6D23,NULL,43:02.4
895BB198-4B07-450E-8717-51D55EE6AA75,App4aBirthCertificate@piba.gov.il,5,קליל ביותר,546780,630A9B5D-6B8F-49DE-9273-C438B0F99913,NULL,49:06.6
DA769BC7-BBDF-477B-86C2-2D4CE7053EFB,App4aBirthCertificate@piba.gov.il,5,הכל טוב,534307,20E85AE1-C216-45AF-868B-8AD59A010CC9,NULL,35:41.4
44055DD2-AEC5-4A7C-B870-209EB48FD259,App4aBirthCertificate@piba.gov.il,5,קל להבין ולמלא.,537773,A52830AF-43B4-4C6D-92AD-14EA64E0BD4C,NULL,51:41.0
BC862571-6EE9-40B7-A059-0844FF7C5595,App4aBirthCertificate@piba.gov.il,5,"השדה ""שם משפחת אבי האם"" לא בהלימה במיקום לשדה ""שם משפחת אבי האב"" זה מבלבל.",543818,0651F0CB-DB41-47D5-A636-2BCBDD3119F1,NULL,27:42.5
710134CA-1F83-4C76-9EFB-5B10F5E5494E,App4aBirthCertificate@piba.gov.il,5,"ממילא אתם שולחים את הנתונים כפי שרשומים במרשם האוכלוסין, ולא לפי מה שהאזרח רושם בטופס, אז למה להטריח למלא את כל השדות",550277,833146E5-F92A-4DD2-8E57-91B48ECB2BB6,NULL,16:59.5
4087DF98-A1E0-4426-8719-32CAE1DA4A57,App4aBirthCertificate@piba.gov.il,1,"כבר ביקשתי 5 פעמים ולא נשלח לי בדואר
מה צריך לעשות כדי לקבל את התעודה?",545992,539923FE-A204-46E6-B65E-86E9DC38C501,NULL,09:01.1
CD5AB0C5-43D9-42AD-9987-245FBF9873E7,App4aBirthCertificate@piba.gov.il,5,שירות מצוין,536308,B838C1CF-B6A7-4199-949A-CE13F662D5B5,NULL,58:44.2
DA87750F-1E0C-4B46-865B-1788536BFDF6,App4aBirthCertificate@piba.gov.il,5,הכל נגיש מוסבר היטב וקל לתפעול,534456,220A902F-3FAF-4995-B5B3-B22BCA37DE9E,NULL,37:12.3
0C7A99D2-B760-455C-ABE0-6948194A41A4,App4aBirthCertificate@piba.gov.il,5,נוח מאד וידידותי למשתמש :),541777,5B28A806-4B4C-4B9C-995E-8D3367BCDD6F,NULL,37:57.0
9CFEB749-F487-4521-8461-344523EC9BC0,App4aBirthCertificate@piba.gov.il,5,"אני צריך שני העתקים של תעודת הלידה שלי. היה טוב אם יש מקום בטופס בו אפשר לציין כמה העתקים צריך במקום שאמלא את הטופס פעמיים.

חוץ מזה, אמור להיות למשרדי הממשלה את כל הפרטים שלי אז עולה השאלה למה אני צריך למלא אותם?

תודה,
עידן",549303,E6DFAFD6-8E8D-45D5-AF8C-7507F68BB899,NULL,07:09.9
2BF11344-32C4-44ED-B7C4-24C779C34D4E,App4aBirthCertificate@piba.gov.il,5,תודה רבה,549160,D8852084-D73B-4CEF-B10E-D04B535CEA62,NULL,52:41.0
2F02C93B-A66B-44BF-A3E3-188C9D9E49C5,App4aBirthCertificate@piba.gov.il,3,קשה לדעת את שמות ההורים והסבים ,544981,93DB3260-E999-445F-9AE1-A6CCF107D580,NULL,21:44.1
1D8CEB5C-042A-482B-B081-6959B6ECEAE0,App4aBirthCertificate@piba.gov.il,5,מהיר וברור!,533930,B1BAEF5E-9144-4BEA-A788-60DF0E3D07E6,NULL,48:07.7
4D82E79A-63D7-4439-92A2-37273D06CE15,App4aBirthCertificate@piba.gov.il,4,"לא כל כך היה ברור לי השדות של אבות האב והאם, 
ולא בטולה אם מילאתי נכון",539581,DEE3B962-0C8C-4AC4-92AA-F5074CD550A1,NULL,27:38.9
99594D11-8838-4D8A-9E19-25BE715E74E1,App4aBirthCertificate@piba.gov.il,5,"קליל , נעים ומאוד נגיש :) ",535195,15A34099-88A2-47B0-B336-F759F431B444,NULL,21:25.5
8294E06E-672C-4E00-9649-198387B4E9E0,App4aBirthCertificate@piba.gov.il,4,לא ברור במילוי שמות המשפחה שבינתיים הוחלפו האם יש למלא פרטים עדכניים או את השמות הקודמים,550721,9D80B217-9652-4A8F-8DDB-CD0A8A27CD65,NULL,30:07.7
5F70AB8A-742D-467D-9C0D-6CF4DFA3F527,App4aBirthCertificate@piba.gov.il,2,"עבורי - צריך להיות ראשון.
לא ברור מדוע לא ניתן להפיק תעודה דו לשונית באופן מיידי",546578,893A1132-424C-46B8-9203-C41225F7DF67,NULL,06:48.1
9B91F106-BC2E-43C0-B1BA-637399964504,App4aBirthCertificate@piba.gov.il,5,האתר מעולה מאוד עוזר תמשיכו ככה,546750,3767F724-4C49-4DAA-9073-1CDDFAAFA239,NULL,06:02.0
8D585267-1ACA-43CA-A3FE-2A19CC6F4BED,App4aBirthCertificate@piba.gov.il,5,תודה,548834,F94A7A6C-AB0C-4423-839C-94D66734D74D,NULL,51:46.3
58AD1C43-6BD5-4685-841C-58DBF0CD62C1,App4aBirthCertificate@piba.gov.il,3,"ברצוני לשנות בטופס את מען הדוא""ל ואת שם משפחתי בעת הלידה, שיהי שונה מן הנוכחי. אך הטופס לא מאפשר לי!",540494,EEC95900-51E6-4492-AA7F-E1D3227ADDFD,NULL,54:30.1
8283F9F4-82B2-4E52-A5F5-6F591F22A691,App4aBirthCertificate@piba.gov.il,5,שלחתי בעמים רוצה לחליף שם,542172,08E83D3A-CDF6-41E9-87B2-A69D619A9883,NULL,21:21.6
5A02B10A-0319-44B2-8E37-591CF933393F,App4aBirthCertificate@piba.gov.il,5,"אם אין אב במרשם האוכלוסין, אין לו גם שם משפחה",535673,21BF548D-5980-4165-B3F4-1A52557ECC58,NULL,46:13.9
65B6FF95-670E-49BA-A871-103FE4EDCC56,App4aBirthCertificate@piba.gov.il,3,אני מעוניין בעותק תעודת הלידה שלי. באפשרויות לא מסומנת אפשרות בחירה כזו אלא רק של בן משפחה בקרבה ראשונה.,546961,644A54B2-C853-459C-9D2F-68CAD05D0E1E,NULL,53:25.8
020AA052-2FED-4797-9395-4FEB51A34917,App4aBirthCertificate@piba.gov.il,5,מצוין,538407,26680928-E29C-492A-A004-06A77F86C24B,NULL,34:12.9
593F5490-5EF6-42B4-916F-72ADEB12765E,App4aBirthCertificate@piba.gov.il,5,"הכל טוב
",545730,111D75AB-9874-45ED-9A28-1FE110811EB0,NULL,06:27.9
C2F8DA60-0432-4037-84FF-5B74796F5A64,App4aBirthCertificate@piba.gov.il,4,היה כיף. רק איפה התעודה הדיגטלית שהבטחתם??,548663,4A2788E1-A895-4148-9F9B-74E39A134A78,NULL,33:47.2
E05A2B84-0418-4642-A640-184A4AC6F295,App4aBirthCertificate@piba.gov.il,5,קל ומהיר,550707,3EAD379C-6911-4496-8F9C-9EB77809D384,NULL,03:37.6
A433B47E-863B-4DF0-A972-3A1A58102C0D,App4aBirthCertificate@piba.gov.il,3,"היה קשה להכנס, עשיתי כל מה שביקשו ואז קיבלתי הודעה שאי אפשר להכנס אולי הכתובת לא נכונה. היה מעיק ומסורבל",538438,44E4900B-74B3-42C7-B393-4517B99DEED0,NULL,59:57.6
EBD81656-119F-4FD4-AEF7-748BFBFC0D74,App4aBirthCertificate@piba.gov.il,5,מהיר נוח וברור !!!,549408,09BDDB92-CD22-4FBD-BF8B-3456ADABA9DD,NULL,44:43.1
A247D579-12E4-47D4-80D0-6CA0593D3172,App4aBirthCertificate@piba.gov.il,5,קל ופשוט - תודה רבה!,541450,510E7452-11FE-41C7-942F-F490518F2252,NULL,45:09.5
C0C455CA-101B-4BFA-B331-049CE660A97F,App4aBirthCertificate@piba.gov.il,5,תהליך רישום לאתר רצוי שיהיה יותר ידידותי.,536856,844E0E12-17E1-458E-A5A9-D7EABC75CB4A,NULL,06:42.0
3213D4BB-7944-4DB6-B870-41C35057A993,App4aBirthCertificate@piba.gov.il,5,לא ברור שהטופס נשלח הבייתה. (כאשר לא מספיק טופס מכוון),549637,25A7A2C0-4A5F-45FF-BC9C-D4D11F3A52FD,NULL,43:24.6
289720D2-B67B-4EB0-9DBB-75BDA1E2AB48,App4aBirthCertificate@piba.gov.il,5,"ממשק טכנולוגי מתקדם ברמה גבוהה 
נוח ונגיש 
",535917,12165BA2-AAF9-4E51-9F1E-CBCD7A6DEC0A,NULL,34:14.7
5C8DE91D-8F81-4E9C-B979-733E261967EB,App4aBirthCertificate@piba.gov.il,5,תודה!,548854,AFAC9A8A-1920-446D-9518-7A4C93778477,NULL,20:17.0
8951C692-1333-4544-A904-08C9967A8703,App4aBirthCertificate@piba.gov.il,5,"הייטקס אתם, תענוג ",536247,8AF22F62-9486-481D-8364-EB5AC45A65A5,NULL,59:03.9
F6E311E4-E802-4CDA-941D-42C0AAE85C72,App4aBirthCertificate@piba.gov.il,5,תודה,548848,EDF5ADA7-73D3-411D-956B-81A644BD3FF3,NULL,16:02.1
8C45B105-DCFD-4B60-9910-125724D8D398,App4aBirthCertificate@piba.gov.il,1,שירת,539196,EBE3724B-0ED1-44F5-8F03-D52DCD5BD198,NULL,17:46.6
A063400C-A335-4683-A34B-3E3CAA42B021,App4aBirthCertificate@piba.gov.il,4,יותר מדי קודים לנייד....,544338,662F9594-487F-49BA-92B9-40FF25E5024A,NULL,26:10.4
E98626E1-8A59-4CFF-8CA6-3E85D5FCD22F,App4aBirthCertificate@piba.gov.il,2,נוחות משתמש,541482,81DD37F1-CD86-4E42-8C6E-1DA023753070,NULL,17:04.5
E25B915D-5D3E-4DC9-B8FA-6B05156F05C0,App4aBirthCertificate@piba.gov.il,5,הכל טוב ,541859,DD4EF170-F3D8-4047-AA45-3B697091E867,NULL,20:08.7
FADB0B4F-3C94-4827-8D37-160D45412BAD,App4aBirthCertificate@piba.gov.il,5,לייצר את התעודה במקום :-),548374,FB3F6917-6EEB-4593-ADAD-A06DFB919997,NULL,45:01.9
BFDE4C0C-20FB-4549-A7F7-3A87BF82F0DE,App4aBirthCertificate@piba.gov.il,5,יפה מאוד,539066,F537E1B6-7156-4792-AEB1-1A6CCE0CEF6C,NULL,29:38.6
761D1C69-EAA0-401C-9303-3AEFB7CB9BDA,App4aBirthCertificate@piba.gov.il,5,קל וברור ,543174,B47C0684-6316-4483-9852-34C340E80037,NULL,59:56.6
7763B914-4612-404F-AB52-6BDA713585CE,App4aBirthCertificate@piba.gov.il,5,אשמח לדעת מתי התעודה תהיה מוכנה בבקשה,547894,1A79BFDF-35A4-460A-8444-DFE91B355F0B,NULL,53:52.3
1FEE77B0-3ED3-4EF2-B84D-0783B0650FCA,App4aBirthCertificate@piba.gov.il,5,תודה,548840,FB471D95-3461-47DD-88B3-171303D430F0,NULL,09:53.0
E306ADCE-E2C7-401E-8657-41EBD692750B,App4aBirthCertificate@piba.gov.il,4,להוציא לכל הילדים יחד,537534,70017614-245F-475F-9D2F-76AFFB04E10F,NULL,29:16.9
F84059E4-90F4-444A-A362-57B6FF121211,App4aBirthCertificate@piba.gov.il,5,ידידותי,547332,63E5F763-0CB9-4EB8-85EB-5BA0A1E9B416,NULL,16:07.3
91C43351-5420-4C59-857D-7440D7F94C11,App4aBirthCertificate@piba.gov.il,4,הכניסה הראשונית הייתה בעייתית ונאמר לי שהקוד  6 ספרות שהוזן הוא לא נכון (על אף שהוא כן היה נכון),542094,85CE2EBB-CC0C-4957-8312-9F0388199BFF,NULL,49:48.7
63AD170B-0666-47E2-95D1-09353F55A0F5,App4aBirthCertificate@piba.gov.il,4,"היה נחמד אם היתה אופציה להשאיר הערות... 
במקרה שלי, עקב שינוי שם יש צורך בציון שני השמות - חשוב ביותר באנגלית.",539143,21C7B953-A2A4-416F-9CDC-B205D0890DE0,NULL,53:16.6
6D3C3927-29AC-41E7-8BCD-58FF3BCACA62,App4aBirthCertificate@piba.gov.il,4,"מכיוון שמדובר בי, ניתן למלא את רוב הטופס בצורה אוטומטית במקום שאצטרך להזין נתונים.",534147,65BBE1A7-E3C4-47DD-B954-73CA93DEDFB2,NULL,40:43.6
488DB489-7CC3-472B-BAF5-5A19F858EE93,App4aBirthCertificate@piba.gov.il,4,התעודה שביקשתי לפני חודשיים טרם התקבלה,535439,FA467DE7-E793-49AF-8F0A-F2EF13223550,NULL,02:36.8
8DECBCD1-D673-4DB5-A91E-64AADCEBC890,App4aBirthCertificate@piba.gov.il,2,"לדעתי זו הפעם השלישית שאני מזמין את התעודה הדו לשונית מאז שאגם נולדה, והיא כל פעם נבלעת בדואר ולא מגיעה",541768,C9BBA96A-17C6-4C38-9144-57D0875F95A0,NULL,11:59.3
E018A8A7-9B6A-4BFF-A7C3-0B2DDBF3D93C,App4aBirthCertificate@piba.gov.il,1,העיר נתניה לא רשומה לכן לא ניתן להשלים את הפעולה ,545207,3324D3CA-D8D5-4A00-9D72-3966C5DF5C18,NULL,20:42.1
E1159732-C4AB-408A-BB33-81B9D53D2108,App4aBirthCertificate@piba.gov.il,5,הכל טוב וברור,544636,0E6D143B-3096-4DCD-9BD4-8DC3D97C30B9,NULL,35:07.2
1FF1D088-F429-4A8E-84EC-5BA85BC5317E,App4aBirthCertificate@piba.gov.il,3,"אם יש אופציה לא למלא את שם האב, למה מכריחים אותי למלא את שם אבי האב. (אם אני לא יודע את שם האב איך אדע את שם ההורים שלו)",543267,40D9B308-4846-4945-8EE5-C6A45F202874,NULL,02:04.9
CD5DE27D-4B0B-494D-B7CD-5D2C47EFCB9C,App4aBirthCertificate@piba.gov.il,2,למה כל כך הרבה פרטים עם נכנסים מאזור האישי ,544729,B5E0977E-76AF-4BD4-BA19-EFC010E856DA,NULL,17:19.8
58E16F42-038E-49A6-988D-0462154ED9B3,App4aBirthCertificate@piba.gov.il,5,שירות יעיל,545978,5C02397A-4AD5-46FB-B5F9-AF751BC27DD8,NULL,48:47.2
CB55EAF9-6C3C-438C-8106-82DC71AE7630,App4aBirthCertificate@piba.gov.il,5,אפשרות לשליחה לכתובת אחרת מהכתובת הרשומה במשרד הפנים ,551550,117F4C94-2FEE-4185-A14A-85BF50D5701D,NULL,26:49.1
7EA23352-183F-407C-9028-69BFA251E81C,App4aBirthCertificate@piba.gov.il,4,אופציה להזמנת שני עותקים,542808,96775733-08F0-4B60-81B2-F65C1BAC6D10,NULL,09:19.5
340A58A2-49AF-4CFE-949A-5D8C249DF57B,App4aBirthCertificate@piba.gov.il,2,אני צריך תעודה במייל! מבקש לשלוח בבקשה למייל fkhury@gmail.com ולא לדואר מכיוון שאינני נמצא בארץ. תודה.,547268,0CD5CE67-17E2-4207-8049-1FEF3F1C486F,NULL,52:38.9
AAEF4997-3AD1-48C3-A225-1C59D3A1CA6F,App4aBirthCertificate@piba.gov.il,5,"נחמד מאוד, רק שיגיע מהר
תודה",543853,4126690F-3D27-441C-93B2-0B923AB3889D,NULL,39:59.2
0C13E4AC-4FDC-47F3-8C46-78C914BCA679,App4aBirthCertificate@piba.gov.il,5,תודה,548853,84D03E1D-903E-4E06-83B2-14776C854E1D,NULL,19:03.6
56DF2D5B-D491-4F3D-9786-757140E25442,App4aBirthCertificate@piba.gov.il,5,שירות יעיל,545975,001F2E3F-FD10-477E-A7CF-856A0E6B72DA,NULL,47:14.1
9E2555D2-8CC0-4B8C-81E3-5E6F513F9479,App4aBirthCertificate@piba.gov.il,3,אני מנסה בפעם השלישית לקבל תעודת לידה. אשמח לסיועכם,547636,188E6757-E0AA-4ED9-B5DA-0D8669961831,NULL,12:57.6
26A7D31D-FC29-4ACB-8A3C-1F901C515EBC,App4aBirthCertificate@piba.gov.il,3,שיתמלאו פרטים באופן אוטומטי,546118,6228AD61-7075-4932-AD9D-DAB4A3BA0E4D,NULL,02:40.3
53134AF0-44DD-4C90-BD2F-8D719F333D62,App4aBirthCertificate@piba.gov.il,5,"מאוד קל ויעיל 
טוב שנין לעשות דרך האינטרנט",534561,E87D80E1-A707-4CC5-8525-2E2660564FE0,NULL,13:53.2
2C466FA5-F781-483F-93C5-8511E1270E1A,App4aBirthCertificate@piba.gov.il,1,יש סימון להראות שאין אב רשום אבל חייבים להכניס את אבי האב? יש לכם בעייה בטופס. אין אב.. אז אין אבי האב..,537448,8E6BDA72-9836-4D72-9A29-EB4C17CCC998,NULL,49:58.5
251D9D12-4DBF-46D5-92C5-5F602038BB18,App4aBirthCertificate@piba.gov.il,4,"טופס זה הוא תיקון לטופס הקודם ששלחתי הבוקר
השם של בעלי באנגלית הוא mordechai zvi
בבקשה תתיחסו לטופס הזה  הנכון
בנוסף, ליעל המופלאה הסבלנית והמקצועית, תודה מיוחדת
",535232,5971FA0E-6597-4F00-B691-D5D2D5C98D28,NULL,45:38.2
E85BE30F-D392-446F-8D19-23DFC43AC6F9,App4aBirthCertificate@piba.gov.il,5,מדהים  נגענו בשעה טובה למעט נחת  תודה,550563,51BD4C80-E38E-44E6-AAB6-BEE60B9D2CAF,NULL,56:10.2
38E53179-A2FD-4884-9AE9-93C073BFA134,App4aBirthCertificate@piba.gov.il,4,משלוח התעודה,539791,02A3EDF5-D90D-4AD6-844E-6DB9F14F8AF6,NULL,48:13.8
A69972F3-8F55-405D-81B1-777E2F50B552,App4aBirthCertificate@piba.gov.il,5,קצר ולענין,544468,34FE2E00-E8E0-4110-8E0E-B85B30804208,NULL,24:50.3
924D63E3-5F0F-450B-ACD2-A00F569BFC56,App4aBirthCertificate@piba.gov.il,4,"מהיר!
אין הרבה לשפר",536868,548AEE29-76B2-4B23-BC17-4F6150398820,NULL,30:50.0
5E8DA96C-E8D8-4892-A32E-2B5BA8A3ED52,App4aBirthCertificate@piba.gov.il,3,"בפעם הראשונה הטופס לא עלה והמתנתי 13 דקות למענה בתמיכה הטכנית עד שהתייאשתי. בנסיון השני, אמרה לי הנציגה אלין למלא את הטופס מחדש, ואז הצלחתי. ",544317,A720158A-4E3F-418E-8134-96CD77556532,NULL,49:12.1
B2959E13-11DB-477F-94B0-95B0015C72DD,App4aBirthCertificate@piba.gov.il,5,"פשוט למילוי
תודה על השירות",543466,3372F58A-D8EC-4540-8190-5EFFDA078BA8,NULL,32:34.7
6B5A712B-F645-48D4-9A49-7CB0A73A5C31,App4aBirthCertificate@piba.gov.il,5,"לשאול האם רוצים את התעודה, במשלוח בדואר",541803,324BBF6D-6579-42D3-AA43-395FE7170281,NULL,34:46.3
A6933F01-99D8-4764-8D96-A16723F84B3F,App4aBirthCertificate@piba.gov.il,4,"לא תמיד העמוד עבד, לפעמים נתקע",540537,38E8389C-8B59-4F50-8F2B-B52A1F9B32D5,NULL,25:04.5
BB82E32C-DAD5-4BFB-898D-34012C7D25B2,App4aBirthCertificate@piba.gov.il,1,"לא יכולתי לשנות את כתובת האימייל.
לא מבינה לאן ישלח הטופס שביקשתי",548205,2483790D-1DD9-4FDA-926D-2ACD8C254F06,NULL,47:59.4
5DE6F07B-18C6-42D8-9BC5-A1FDD4F26A61,App4aBirthCertificate@piba.gov.il,5,נראה לי שאם אני מקישה תז כל הפרטים צריכים לעלות אוטומטית,544287,F90FA9BE-1825-41AE-8744-D5D24D621AA9,NULL,02:18.5
6799D9EF-439F-4F33-B5C7-807A5DB7C8EF,App4aBirthCertificate@piba.gov.il,4,מילוי פרטים ידועים באופן אוטומטי.,534978,851E00A3-5608-496B-8CAC-E8B22866AA37,NULL,04:51.5
5D9EE5B3-ACC2-4D47-B4E3-AF2ED19FC8BF,App4aBirthCertificate@piba.gov.il,4,"רצוי שתהיה אפשרות להכניס הערה. למשל, יש לי שם משפחה קודם, או, איני בטוח באיזה בית חולים נולדתי.",540238,B1002EBB-AFE3-4697-BC8F-BBC68B9D24C8,NULL,18:36.7
6AA522D0-31A1-4ECD-803B-869C22C5DAD7,App4aBirthCertificate@piba.gov.il,5,"הכל היה נוח אבל הנתונים כבר אצלכם אז למה יש צורך למלא הכל , עדיף שתמלאו ובמקרה הצורך נתקן
תודה ",545088,B142F3D5-FCE1-45E8-96E6-3827E7010BFA,NULL,02:59.1
122B3314-B222-4DEE-A0D5-A99DB6FF6DB9,App4aBirthCertificate@piba.gov.il,5,אפשרות לבקש טופס לא דיגיטלי כדי שיהיה לי מקורי...,542608,53EA63AC-281B-4A08-A75F-40D068DD33A7,NULL,59:42.8
9C307AD9-6424-482B-A3E6-813558ED5E17,App4aBirthCertificate@piba.gov.il,3,רשום שניתן להוציא תעודות לידה דו לשוניות דרך האתר. לא הצלחתי להוציא לאף אחת מהבנות שלי. חבל.,537220,36661863-3AEF-4D5F-AE9E-3466C90322C9,NULL,48:33.6
8E683CED-F00A-4F3B-9F91-B03B60038236,App4aBirthCertificate@piba.gov.il,5,"קליל, נגיש, מובן
נהנית מאוד מהאתר הזה
תודה לכם",539454,EDD7CF27-7780-4388-9B03-A2808B211998,NULL,08:21.1
CC56FA3A-0D3A-4046-92A9-87EA323F7A59,App4aBirthCertificate@piba.gov.il,5,מצויין,551312,DD98FA94-A1A6-47C5-BA30-062648C54FD6,NULL,04:10.4
706407DC-9746-4908-8F5F-DB98C9DB396E,App4aBirthCertificate@piba.gov.il,4,מהירות המשלוח,535021,1528C589-7CB8-4CDA-84CC-82FFAF7F0B1B,NULL,06:35.9
CD52D3F1-CC79-497D-B8F1-A0C5127D0C7B,App4aBirthCertificate@piba.gov.il,3,ההנחיות לא ממש ברורות,538173,C497FA16-1E18-4024-BD9A-1AF03F0566B5,NULL,26:37.5
D0A46BED-59A2-428D-9E33-863067881311,App4aBirthCertificate@piba.gov.il,1,מעייף,548552,6C9E6168-221B-499F-99BD-B561EF56DAB9,NULL,14:17.5
614EDE26-317B-44C8-AC4D-8FAF5115907B,App4aBirthCertificate@piba.gov.il,1,"באתר כתוב שניתן להפיק בעצמי העתק תעודת לידה חתומה דיגיטלית
ולמעשה המידע אינו נכון ואקבל את העתק התעודה רק בדואר ישראל.",537697,629FA2EA-6118-4FED-9935-C292404DFCCB,NULL,47:49.4
